street_name,wikidata_id,entity_label,is_human,confidence
1. mája,Q47499,Sviatok práce,False,0.9
9. mája,Q270706,Deň víťazstva,False,1.0
A. Bernoláka,Q588302,Anton Bernolák,True,1.0
Abovská,Q1785845,Košický región,False,1.0
Adama Trajana,Q8181989,Adam Trajan,True,1.0
A. Dubčeka,Q150543,Alexander Dubček,True,1.0
A. Dvořáka,Q7298,Antonín Dvořák,True,1.0
Agátová,Q472943,agát,False,1.0
Agnelliho,Q12768094,Jozef Agnelli,True,1.0
A. H. Gavloviča,Q5934650,Hugolín Gavlovič,True,1.0
A. H. Krčméryho,Q4181190,Štefan Krčméry,True,1.0
A. Hlinku,Q467797,Andrej Hlinka,True,0.9
A. H. Škultétyho,Q3629542,August Horislav Škultéty,True,1.0
A. Jedlika,Q252142,Štefan Anián Jedlík,True,1.0
Á. Jedlika,Q252142,Štefan Anián Jedlík,True,1.0
A. Jiráska,Q161368,Alois Jirásek,True,1.0
Akademika Hronca,Q6314717,Jur Hronec,True,0.0
A. Kmeťa,Q765336,Andrej Kmeť,True,1.0
A. Kubinu,Q765368,Andrej Kubina,True,0.9
A. Lackovej-Zory,Q4767196,Anna Lacková-Zora,True,0.9
Albína Grznára,Q12762068,Albín Grznár,True,1.0
Alej Jána Pavla II.,Q989,Ján Pavol II.,True,1.0
Alexandra Dubčeka,Q150543,Alexander Dubček,True,0.7
Alexandra Matušku,Q10770922,Alexander Matuška,True,0.7
Alexeja Duchoňa,Q28949306,Alexej Duchoň,True,1.0
Alexyho,Q1682808,Janko Alexy,True,1.0
Alfréda Wetzlera,Q570957,Alfréd Wetzler,True,1.0
Alžbety Gwerkovej Göllnerovej,Q12762214,Alžbeta Göllnerová-Gwerková,True,0.9
A. Mamateja,Q12762055,Albert Mamatey,True,1.0
A. Medňanského,Q652975,Ladislav Medňanský,True,0.9
A. Moyzesa,Q1029499,Alexander Moyzes,True,1.0
A. Moyzesa,Q392368,Štefan Moyzes,True,1.0
Amurská,Q6862,Amur,False,1.0
Andreja Bagara,Q3506294,Andrej Bagar,True,1.0
Andreja Hlinku,Q467797,Andrej Hlinka,True,1.0
Andreja Kmeťa,Q765336,Andrej Kmeť,True,1.0
Andreja Kubinu,Q765368,Andrej Kubina,True,1.0
Andreja Kvasa,Q1122581,Andrej Kvas,True,0.7
Andreja Mráza,Q12762310,Andrej Mráz,True,1.0
Andreja Sládkoviča,Q503068,Andrej Sládkovič,True,1.0
Andreja Žarnova,Q1988365,Andrej Žarnov,True,1.0
Andrusovova,Q369844,Dimitrij Andrusov,True,1.0
Anenská,Q666578,Anna,False,0.0
Angyalova,Q770047,Gejza Angyal,True,1.0
Ant. Bernoláka,Q588302,Anton Bernolák,True,1.0
Antona Bernoláka,Q588302,Anton Bernolák,True,1.0
A. Radlinského,Q766882,Andrej Ľudovít Radlinský,True,0.9
Armádneho generála Svobodu,Q310000,Ludvík Svoboda,True,0.9
Arménska,Q399,Arménsko,False,0.9
arm. gen. L. Svobodu,Q310000,Ludvík Svoboda,True,0.9
Arm. gen. L. Svobodu,Q310000,Ludvík Svoboda,True,0.9
Arpáda Felcána,Q13375709,Arpád Vojtech Felcán,True,1.0
A. Škarvana,Q3564961,Albert Škarvan,True,1.0
A. Sládkoviča,Q503068,Andrej Sládkovič,True,1.0
A. S. Puškina,Q7200,Alexandr Sergejevič Puškin,True,1.0
A. Stodolu,Q666875,Aurel Stodola,True,0.9
Aténska,Q1524,Atény,False,0.9
Aurela Stodolu,Q666875,Aurel Stodola,True,0.9
A. V. Suvorova,Q154232,Alexandr Vasilievič Suvorov,True,1.0
A. Žarnova,Q1988365,Andrej Žarnov,True,1.0
Azovská,Q35000,Azovské more,False,1.0
Bachova,Q1339,Johann Sebastian Bach,True,1.0
Bagarova,Q3506294,Andrej Bagar,True,1.0
Bahýľova,Q680151,Ján Bahýľ,True,1.0
Bajkalská,Q5513,Bajkalské jazero,False,0.9
Bajzova,Q265676,Jozef Ignác Bajza,True,0.9
Bakossova,Q16516012,Ján Bakoss,True,1.0
Bakulínyho,Q662143,Janko Jesenský,True,0.0
Bánik,Q33057836,Ivan Baník,True,1.0
Baníkov,Q33057836,Ivan Baník,True,1.0
Baníkova,Q33057836,Ivan Baník,True,1.0
Barčianska,Q377416,Barca,False,0.9
Bardejovská,Q27007,Bardejov,False,1.0
Bartókova,Q83326,Béla Bartók,True,1.0
Baštová,Q81839,Bašta,False,0.9
Bazová,Q131448,baza,False,0.9
Bazovského,Q10545875,Ľudovít Bazovský,True,0.7
B. Bartóka,Q83326,Béla Bartók,True,1.0
B. Bjőrnsona,Q46405,Bjørnstjerne Bjørnson,True,1.0
Beblavého,Q12773479,Pavel Beblavý,True,0.9
Bebravská,Q791716,Bebrava,False,0.9
Bedľová,Q243381,bedľa vysoká,False,0.9
Bedřicha Smetanu,Q48173,Bedřich Smetana,True,1.0
Beethovenova,Q255,Ludwig van Beethoven,True,1.0
Belanského,Q1357554,Svetozár Hurban-Vajanský,True,0.0
Belehradská,Q3711,Belehrad,False,1.0
Bellova,Q964103,Ján Levoslav Bella,True,0.9
Bellušova,Q6739796,Emil Belluš,True,1.0
Belopotockého,Q997918,Gašpar Fejérpataky-Belopotocký,True,0.9
Bélu Bartóka,Q83326,Béla Bartók,True,0.9
Bencúrova,Q632046,Július Bencúr,True,0.7
Beniakova,Q9368136,Valentín Beniak,True,1.0
Benkova,Q1903455,Martin Benka,True,0.9
Beňovského,Q93419,Móric Beňovský,True,0.9
Bercsényi utca,Q282149,Mikuláš Berčéni,True,1.0
Bernolákova,Q588302,Anton Bernolák,True,1.0
Bernolákovo námestie,Q588302,Anton Bernolák,True,1.0
Bernolákov rad,Q588302,Anton Bernolák,True,1.0
Berzeviczyho,Q715058,Gregor Berzeviczy,True,0.9
Beskydská,Q3491363,Chránená krajinná oblasť Beskydy,False,0.9
Betliarska,Q2630404,Kaštieľ v Betliari,False,1.0
Bezručova,Q539798,Petr Bezruč,True,1.0
Biela,Q23444,biela,False,0.9
Björnsonova,Q46405,Bjørnstjerne Bjørnson,True,0.7
Blahova,Q769613,Marián Blaha,True,0.9
Bláhova,Q769613,Marián Blaha,True,0.9
B. Nemcovej,Q157970,Božena Němcová,True,0.9
B. Němcovej,Q157970,Božena Němcová,True,0.9
Bobuľová,Q13184,bobuľa,False,0.9
Bodliaková,Q926838,Bodliak kučeravý,False,1.0
Bodvianska,Q524569,Bodva,False,0.9
Bohúňova,Q12765357,Emo Bohúň,True,1.0
Borisa Nemcova,Q363846,Boris Jefimovič Nemcov,True,1.0
Borodáčova,Q4767243,Janko Borodáč,True,1.0
Borovicová,Q12024,borovica,False,0.9
Bottova,Q1384769,Martin Kukučín,True,0.0
Bottova,Q974206,Ján Botto,True,1.0
Boženy Nemcovej,Q157970,Božena Němcová,True,0.9
Boženy Němcovej,Q157970,Božena Němcová,True,0.9
Boženy Slančíkovej-Timravy,Q440577,Božena Slančíková-Timrava,True,0.9
Braneckého,Q15939223,Jozef Branecký,False,0.9
Břeclavská,Q581478,Břeclav,False,1.0
Breznianska,Q465312,Brezno,False,0.9
Brnenská,Q14960,Brno,False,0.9
Bronzová,Q34095,bronz,False,1.0
Broskyňová,Q13189,broskyňa obyčajná,False,0.9
Brusnicová,Q5079636,brusnica,False,0.9
B. Slančíkovej,Q440577,Božena Slančíková-Timrava,True,0.9
B. S. Timravy,Q440577,Božena Slančíková-Timrava,True,0.9
Buková,Q25403,Buk,False,1.0
Bukureštská,Q19660,Bukurešť,False,1.0
Bulharská,Q219,Bulharsko,False,0.9
Buzalkova,Q7786535,Michal Buzalka,True,0.9
Buznova,Q470621,svätý Metod,True,0.0
Bystrická,Q144983,Banská Bystrica,False,0.9
Čajakova,Q3807054,Janko Čajak,True,1.0
Čajkovského,Q7315,Piotr Iľjič Čajkovskij,True,0.7
Čapkova,Q155855,Karel Čapek,True,0.0
Čechovova,Q5685,Anton Pavlovič Čechov,True,1.0
Čelakovského,Q545818,František Ladislav Čelakovský,True,0.9
Centrum,Q697863,Karol Kuzmány,True,0.0
Centrum I.,Q220550,Ján Kollár,True,0.0
Čergovská,Q11838545,Čergov,False,1.0
Červeného kríža,Q7178,Medzinárodné hnutie Červeného kríža a Červeného polmesiaca,False,1.0
Červeňova,Q860542,Tomáš Červen,True,1.0
Cesta J. Alexyho,Q1682808,Janko Alexy,True,1.0
Cesta na Senec,Q754790,Senec,False,1.0
Cesta Vl. Clementisa,Q975331,Vladimír Clementis,True,1.0
Chaloupky,Q262637,Samo Chalupka,True,0.7
Chalupkova,Q262637,Samo Chalupka,True,0.9
Chalúpkova,Q262637,Samo Chalupka,True,0.9
Chalúpkova,Q347148,Rastislav,True,0.0
Charkovská,Q42308,Charkov,False,1.0
Chlumeckého,Q4764835,Václav Chlumecký,True,0.9
Chodecká,Q315222,Ľudovít Štúr,True,0.0
Chorvátska,Q224,Chorvátsko,False,0.9
Chrómová,Q725,chróm,False,0.7
Čiernovodská,Q12781295,Čierna Voda,False,0.9
Cikkerova,Q692171,Ján Cikker,True,1.0
Cínová,Q1096,cín,False,1.0
Cirbusovej,Q95179530,Jolana Cirbusová,True,0.9
Čistonek,Q974206,Ján Botto,True,0.0
Čkalovova,Q498098,Valerij Pavlovič Čkalov,True,1.0
Clementisova,Q975331,Vladimír Clementis,True,1.0
Clementisová,Q975331,Vladimír Clementis,True,1.0
Clementisove sady,Q975331,Vladimír Clementis,True,1.0
C. Majerníka,Q7940636,Cyprián Majerník,True,1.0
Čmelíkova,Q1561024,Janko Čmelík,True,1.0
Čordákova,Q6474379,Ľudovít Čordák,True,1.0
Čsl. armády,Q2119775,Česko-slovenská ľudová armáda,False,0.9
Cukrová,Q11002,cukor,False,1.0
Čulenova,Q12035321,Marek Čulen,True,1.0
Cypriana Majerníka,Q7940636,Cyprián Majerník,True,1.0
Cyprusová,Q229,Cyprus,False,1.0
Cyrila a Metoda,Q470621,svätý Metod,True,1.0
Cyrila Talapku,Q239925,Cyril a Metod,False,1.0
Cyrilometodejská,Q239925,Cyril a Metod,False,1.0
Cyrilometodská,Q239925,Cyril a Metod,False,1.0
Cyrilometodské námestie,Q239925,Cyril a Metod,False,1.0
Cyrilova,Q239925,Cyril a Metod,False,1.0
Czambelova,Q2218123,Samuel Czambel,True,1.0
Daniela Krmana,Q543073,Daniel Krman,True,1.0
Daniela Licharda,Q3701605,Daniel Gabriel Lichard,True,1.0
Danový  Úrad,Q315222,Ľudovít Štúr,True,0.0
Daxnerova,Q255678,Štefan Marko Daxner,True,1.0
Detvianska,Q11857,Detva,False,0.9
Deviata,Q19108,9,False,0.7
Dimitrovova,Q155074,Georgi Dimitrov,True,1.0
Dionýza Štúra,Q905900,Dionýz Štúr,True,0.7
D. Jurkoviča,Q1268173,Dušan Jurkovič,True,1.0
D. Krmana,Q543073,Daniel Krman,True,1.0
D. Makovického,Q2055549,Dušan Makovický,True,0.9
Do Baničného,Q515230,Karol Sidor,True,0.0
Dobrovského,Q283121,Josef Dobrovský,True,0.9
Dobšinského,Q897973,Pavol Dobšinský,True,0.9
Dohnányho,Q12771630,Mikuláš Dohnány,True,1.0
Dolný Urban,Q951434,Milo Urban,True,1.0
Domašská,Q1192056,Veľká Domaša,False,0.9
Dominika Tatarku,Q617674,Dominik Tatarka,True,1.0
Donovalova,Q12777541,Tichomír Milkin,True,1.0
Dopravná,Q319962,Milan Rastislav Štefánik,True,0.0
Dostojevského,Q991,Fiodor Michajlovič Dostojevskij,True,0.7
Dóžova,Q366978,Juraj Dóža,True,0.9
Dózsova,Q366978,Juraj Dóža,True,0.9
Dr. A. Škarvana,Q3564961,Albert Škarvan,True,1.0
Dr. C. Daxnera,Q21490752,Cyril Daxner,True,1.0
Dr. Clementisa,Q975331,Vladimír Clementis,True,1.0
Dr. I. Horvátha,Q12021933,Ivan Horváth,True,1.0
Dr. I. Markoviča,Q12021963,Ivan Markovič,True,1.0
Dr. J. Gašperíka,Q12768471,Ján Gašperík,True,1.0
Dr. Karola Kmeťku,Q6373046,Karol Kmeťko,True,0.9
Dr. Ľudovíta Bazovského,Q10545875,Ľudovít Bazovský,True,0.9
Dr. Martina Sokola,Q823259,Martin Sokol,True,1.0
Dr. Milana Hodžu,Q1392478,Michal Miloslav Hodža,True,0.9
Druhá,Q200,dva,False,0.0
Družstevná,Q12016596,Družstvo,False,0.7
Družstevná,Q508663,Pavol Országh Hviezdoslav,True,0.0
Dr. V. Clementisa,Q975331,Vladimír Clementis,True,1.0
Dr. Vlada Clementisa,Q975331,Vladimír Clementis,True,0.9
Dr. Vladimíra Clementisa,Q975331,Vladimír Clementis,True,0.9
D. Skuteckého,Q4422775,Dominik Skutecký,True,0.9
D. Štúra,Q905900,Dionýz Štúr,True,1.0
D. Tatarku,Q617674,Dominik Tatarka,True,0.9
Dubčekova,Q150543,Alexander Dubček,True,1.0
Duchnovičova,Q520739,Alexander Duchnovič,True,1.0
Dukelská,Q60270,Karpatsko-duklianska operácia,False,1.0
Dukelská,Q911014,Dukliansky priesmyk,False,0.9
Dunajská,Q1653,Dunaj,False,1.0
Ďurka Langsfelda,Q18595457,Juraj Langsfeld,True,1.0
Dušana Makovického,Q2055549,Dušan Makovický,True,1.0
E. Belluša,Q6739796,Emil Belluš,True,1.0
E. B. Lukáča,Q11878597,Emil Boleslav Lukáč,True,1.0
Eda Urxa,Q11874240,Eduard Urx,True,1.0
Edisonova,Q8743,Thomas Alva Edison,True,1.0
E. F. Scherera,Q12766006,František Ernest Scherer,True,1.0
Egrešová,Q41503,ríbezľa egrešová,False,1.0
Eleny Maróthy Šoltésovej,Q12765281,Elena Maróthy-Šoltésová,True,0.9
Eleny Maróthy-Šoltésovej,Q12765281,Elena Maróthy-Šoltésová,True,0.9
Ema Bohúňa,Q12765357,Emo Bohúň,True,1.0
Emila Boleslava Lukáča,Q11878597,Emil Boleslav Lukáč,True,1.0
E. M. Šoltésovej,Q12765281,Elena Maróthy-Šoltésová,True,0.9
Erenburgova,Q348497,Iľja Grigorievič Erenburg,True,1.0
Ester Šimerovej-Martinčekovej,Q8420324,Ester Šimerová-Martinčeková,True,1.0
Eugena Suchoňa,Q46100,Eugen Suchoň,True,1.0
E. Urxa,Q11874240,Eduard Urx,True,1.0
Fábryho,Q1004532,Zoltán Fábry,True,1.0
Fándlyho,Q898705,Juraj Fándly,True,1.0
Fedora Ruppeldta,Q8420214,Fedor Fridrich Ruppeldt,True,1.0
Felcánova,Q13375709,Arpád Vojtech Felcán,True,1.0
Ferenca Liszta,Q41309,Franz Liszt,True,0.7
Ferka Urbánka,Q12004160,Ferko Urbánek,True,0.9
F. Hečku,Q443963,František Hečko,True,0.9
F. Kafendu,Q3505734,Frico Kafenda,True,0.9
F. Kráľa,Q2354020,Fraňo Kráľ,True,1.0
F. K. Veselého,Q12017221,František Krištof Veselý,True,0.9
F. Lehára,Q191917,Lehár Ferenc,True,1.0
Flöglova,Q13375679,Arnold Flögl,True,1.0
F. M. Dostojevského,Q991,Fiodor Michajlovič Dostojevskij,True,1.0
F. Palackého,Q159642,František Palacký,True,0.9
Fraňa Kráľa,Q2354020,Fraňo Kráľ,True,0.9
Francisciho,Q6148919,Ján Francisci,True,1.0
Francisciho,Q980533,Ján Francisci-Rimavský,True,1.0
Františka Hečku,Q443963,František Hečko,True,0.9
Františka Lipku,Q4180318,František Lipka,True,0.9
Františkánske námestie,Q165005,Františkáni,False,0.7
Fraštacká,Q754773,Hlohovec,False,0.7
F. Štefunku,Q4176375,Fraňo Štefunko,True,0.9
F. Švantnera,Q3503937,František Švantner,True,1.0
Fučíkova,Q142059,Julius Fučík,True,1.0
Fullova,Q345078,Ľudovít Fulla,True,0.9
Fullova ul.,Q345078,Ľudovít Fulla,True,0.9
F. Urbánka,Q12004160,Ferko Urbánek,True,0.0
Furdekova,Q10416721,Štefan Furdek,True,1.0
Gabčíkova,Q432927,Jozef Gabčík,True,1.0
Gabčíkovská cesta,Q432927,Jozef Gabčík,True,1.0
Gagarina,Q7327,Jurij Alexejevič Gagarin,True,1.0
Gagarinova,Q7327,Jurij Alexejevič Gagarin,True,1.0
Gagarinovo námestie,Q7327,Jurij Alexejevič Gagarin,True,1.0
Galandova,Q3489752,Mikuláš Galanda,True,0.9
Gaštanová,Q26899,pagaštan konský,False,1.0
Gavlovičova,Q5934650,Hugolín Gavlovič,True,1.0
Gbelská cesta,Q601581,Gbelce,False,0.7
Gelnická,Q842028,Gelnica,False,0.9
Generála Ludvika Svobodu,Q310000,Ludvík Svoboda,True,1.0
Generála Ludvíka Svobodu,Q310000,Ludvík Svoboda,True,1.0
Generála Svobodu,Q310000,Ludvík Svoboda,True,0.9
Gen. Goliana,Q702648,Ján Golian,True,1.0
Gen. Goliána,Q702648,Ján Golian,True,1.0
Gen. L. Svobodu,Q310000,Ludvík Svoboda,True,0.9
Gen. Milana Rastislava Štefánika,Q319962,Milan Rastislav Štefánik,True,1.0
Gen. Miloša Vesela,Q12771733,Miloš Vesel,True,1.0
gen. M. R. Štefánika,Q319962,Milan Rastislav Štefánik,True,1.0
Gen. M. R. Štefánika,Q319962,Milan Rastislav Štefánik,True,1.0
Gen. Štefánika,Q319962,Milan Rastislav Štefánik,True,1.0
Gen. Svobodu,Q310000,Ludvík Svoboda,True,0.9
Gen. Viesta,Q702651,Rudolf Viest,True,1.0
Glejovka,Q1552509,Glej,False,1.0
Goetheho,Q5879,Johann Wolfgang von Goethe,True,1.0
Gogolova,Q43718,Nikolaj Vasilievič Gogoľ,True,1.0
Gogoľova,Q43718,Nikolaj Vasilievič Gogoľ,True,1.0
Gojdičova,Q706570,Pavol Peter Gojdič,True,1.0
Golianova,Q702648,Ján Golian,True,1.0
Goralská,Q498700,Gorali,False,0.9
Gorazdova,Q1537896,Svätý Gorazd,True,1.0
Gorazdova,Q319962,Milan Rastislav Štefánik,True,0.0
Gorazdovo nábrežie,Q1537896,Svätý Gorazd,True,1.0
Gorkého,Q12706,Maxim Gorkij,True,0.9
Gregorovej,Q12018957,Hana Gregorová,True,0.9
Grófska,Q28989,Gróf,False,1.0
Guothova,Q12768071,Jonáš Bohumil Guoth,True,1.0
Györgya Klapku,Q18712,György Klapka,True,0.9
G. Z. Laskomerského,Q11736366,Gustáv Kazimír Zechenter-Laskomerský,True,0.9
Haburská,Q584931,Habura,False,0.9
Hájska,Q220550,Ján Kollár,True,0.0
Hamuliakova,Q552703,Martin Hamuljak,True,0.7
Hamuljakova,Q552703,Martin Hamuljak,True,1.0
Handlovská,Q842011,Handlová,False,0.9
Hanojská,Q1858,Hanoj,False,1.0
Hanulova,Q718203,Jozef Hanula,True,0.9
Hany Meličkovej,Q12018973,Hana Meličková,True,0.9
Hany Ponickej,Q2604414,Hana Ponická,True,0.9
Hany Zelinovej,Q3506285,Hana Zelinová,True,0.9
Harmanecká,Q662883,Harmanec,False,1.0
Haškova,Q2754,Jaroslav Hašek,True,0.0
Hattalova,Q1040777,Martin Hattala,True,0.9
Hečkova,Q443963,František Hečko,True,1.0
Hellova,Q730241,Jozef Karol Hell,True,1.0
Herlianska,Q550565,Herľany,False,0.7
Heyrovského,Q157701,Jaroslav Heyrovský,True,0.9
H. Gavloviča,Q5934650,Hugolín Gavlovič,True,1.0
H. Gregorovej,Q12018957,Hana Gregorová,True,0.9
Hlboká,Q951434,Milo Urban,True,0.0
Hliníková,Q467797,Andrej Hlinka,True,0.7
Hliníky,Q1603028,Jozef Gregor Tajovský,True,0.0
Hliníky,Q2467280,Ján Kalinčiak,True,0.0
Hliníky,Q262637,Samo Chalupka,True,0.0
Hlinkova,Q467797,Andrej Hlinka,True,0.9
Hlinky,Q467797,Andrej Hlinka,True,0.9
Hliny,Q156070,Otakar Jaroš,True,0.0
Hliny,Q310000,Ludvík Svoboda,True,0.0
Hliny,Q7327,Jurij Alexejevič Gagarin,True,0.0
Hlohová,Q132557,hloh,False,1.0
H. Meličkovej,Q12018973,Hana Meličková,True,0.9
Hnilecká,Q743746,Hnilec,False,1.0
Hodonínska,Q321778,Hodonín,False,1.0
Hodžova,Q1392478,Michal Miloslav Hodža,True,0.9
Hollého,Q13421293,Ján Hollý,False,0.9
Hollého,Q1383201,Ján Hollý,True,0.9
Hollého,Q1384769,Martin Kukučín,True,0.0
Holubyho,Q12768950,Karol Holuby,True,1.0
Holubyho,Q980550,Jozef Murgaš,True,0.0
Holubyho námestie,Q12768950,Karol Holuby,True,1.0
Horákova,Q12026992,Jozef Horák,True,1.0
Hornozelenická,Q999667,Horné Zelenice,False,0.9
Horný Urban,Q951434,Milo Urban,True,1.0
Horovova,Q1092622,Pavol Horov,True,0.7
Hospodárska,Q159810,hospodárstvo,False,0.7
Hostinského,Q12773727,Peter Kellner-Hostinský,True,0.9
Hrebendova,Q12771192,Matej Hrebenda,True,0.9
Hríbová,Q19744,Boletus,False,1.0
Hurbanova,Q220550,Ján Kollár,True,0.0
Hurbanova,Q385147,Ján Nálepka,True,0.0
Hurbanova,Q933685,Jozef Miloslav Hurban,True,1.0
Hurbanovo námestie,Q933685,Jozef Miloslav Hurban,True,1.0
Húščavova,Q10770813,Alexander Húščava,True,0.9
Husova,Q43977,Ján Hus,True,1.0
Hviezdoslavova,Q319962,Milan Rastislav Štefánik,True,0.0
Hviezdoslavova,Q508663,Pavol Országh Hviezdoslav,True,1.0
Hviezdoslavovo námestie,Q508663,Pavol Országh Hviezdoslav,True,1.0
Hviezdoslavov rad,Q508663,Pavol Országh Hviezdoslav,True,1.0
Hýrošova,Q13371650,Štefan Nikolaj Hýroš,True,1.0
I. Bukovčana,Q12767652,Ivan Bukovčan,True,1.0
Ignáca Gešaja,Q12767371,Ignác Gessay,True,1.0
I. Krasku,Q1675575,Ivan Krasko,True,0.9
Iľjušinova,Q175457,Sergej Vladimirovič Iľjušin,True,1.0
Ílová,Q42302,íl,False,1.0
Imelová,Q144940,imelo biele,False,1.0
Imricha Karvaša,Q6008389,Imrich Karvaš,True,1.0
Inovecká,Q2153837,Inovec,False,1.0
I. Olbrachta,Q560390,Ivan Olbracht,True,1.0
I. Stodolu,Q3499681,Ivan Stodola,True,0.9
Ivana Bukovčana,Q12767652,Ivan Bukovčan,True,1.0
Ivana Dérera,Q12021916,Ivan Dérer,True,1.0
Ivana Krasku,Q1675575,Ivan Krasko,True,1.0
Ivana Olbrachta,Q560390,Ivan Olbracht,True,1.0
Ivana Stodolu,Q3499681,Ivan Stodola,True,1.0
Ivanská,Q302787,Ivanka pri Dunaji,False,0.7
Ivanská cesta,Q302787,Ivanka pri Dunaji,False,0.7
J. A. Gagarina,Q7327,Jurij Alexejevič Gagarin,True,1.0
J. A. Komenského,Q12735,Jan Amos Komenský,True,0.9
Jakuba Grajchmana,Q6125519,Jakub Grajchman,True,1.0
J. Alexyho,Q1682808,Janko Alexy,True,1.0
Jalovcová,Q26325,Borievka obyčajná,False,0.7
Jamnického,Q12027375,Ján Jamnický,True,0.9
J. Amosa Komenského,Q12735,Jan Amos Komenský,True,1.0
Jana A. Komenského,Q12735,Jan Amos Komenský,True,1.0
Jána Amosa Komenského,Q12735,Jan Amos Komenský,True,1.0
Jána Bellu,Q964103,Ján Levoslav Bella,True,1.0
Jána Bohdana Hroboňa,Q13421218,Ján Bohdan Hroboň,True,1.0
Jána Bottu,Q974206,Ján Botto,True,1.0
Jána Chalupku,Q925563,Ján Chalupka,True,1.0
Janáčkova,Q184933,Leoš Janáček,True,0.7
Jána Francisciho,Q6148919,Ján Francisci,True,1.0
Jána Hálu,Q14849179,Jan Hála,False,1.0
Jána Hollého,Q13421293,Ján Hollý,False,1.0
Jána Hollého,Q1383201,Ján Hollý,True,1.0
Jána Husa,Q43977,Ján Hus,True,1.0
Jána Jonáša,Q13421315,Ján Jonáš,True,1.0
Jána Kalinčiaka,Q2467280,Ján Kalinčiak,True,1.0
Jána Klempu,Q13421320,Ján Klempa,True,1.0
Jána Kollára,Q220550,Ján Kollár,True,1.0
Jána Kostru,Q12027394,Ján Kostra,True,1.0
Jána Palárika,Q12768593,Ján Paľo,True,1.0
Jána Pavla II.,Q989,Ján Pavol II.,True,1.0
Jána Poničana,Q12768607,Ján Poničan,True,1.0
Jána Raka,Q12027461,Ján Rak,True,1.0
Jána Smreka,Q1670526,Ján Smrek,True,1.0
Jána Stanislava,Q12768642,Ján Stanislav,False,1.0
Jána Švermu,Q532174,Jan Šverma,True,1.0
Jána Zigmundíka,Q12768675,Ján Zigmundík,True,1.0
Janka Alexyho,Q1682808,Janko Alexy,True,1.0
Janka Borodáča,Q4767243,Janko Borodáč,True,0.9
Janka Hollého,Q13421293,Ján Hollý,False,1.0
Janka Jesenského,Q662143,Janko Jesenský,True,1.0
Janka Kráľa,Q376416,Janko Kráľ,True,0.9
Janka Matušku,Q975382,Janko Matúška,True,0.9
Janka Matúšku,Q975382,Janko Matúška,True,0.9
Jánošíkova,Q706268,Juraj Jánošík,True,1.0
Janovčíkova,Q109833600,Štefan Janovčík,True,1.0
Janšákova,Q253963,Štefan Janšák,True,1.0
Jarmočná,Q288514,výroční trh,False,0.0
Jarná,Q1312,jar,False,1.0
Jarošova,Q156070,Otakar Jaroš,True,1.0
Jaseňová,Q128887,Jaseň,False,1.0
Jašíkova,Q12775548,Rudolf Jašík,True,1.0
Jasovská,Q719586,Jasov,False,1.0
Jazerná,Q23397,jazero,False,0.9
J. Bánika,Q55281152,Juraj Bánik,True,1.0
J. Barča-Ivana,Q3850969,Július Barč-Ivan,True,1.0
J. Bottu,Q974206,Ján Botto,True,0.9
J. Braneckého,Q15939223,Jozef Branecký,False,0.9
J. Chalupku,Q925563,Ján Chalupka,True,0.9
J. C. Hronského,Q979946,Jozef Cíger-Hronský,True,0.9
J. Cikkera,Q692171,Ján Cikker,True,1.0
J. Dózsu,Q366978,Juraj Dóža,True,0.9
Jedlíkova,Q252142,Štefan Anián Jedlík,True,1.0
Jégého,Q3489739,Ladislav Nádaši-Jégé,True,1.0
Jelšavská,Q846853,Jelšava,False,0.9
Jesenského,Q220550,Ján Kollár,True,0.0
Jesenského,Q662143,Janko Jesenský,True,0.9
Jesenského nábrežie,Q662143,Janko Jesenský,True,0.9
J. Fábryho,Q1004524,Ján Fábry,True,1.0
J. Fándlyho,Q898705,Juraj Fándly,True,1.0
J. Francisciho,Q6148919,Ján Francisci,True,1.0
J. Fučíka,Q142059,Julius Fučík,True,1.0
J. Gagarina,Q7327,Jurij Alexejevič Gagarin,True,1.0
J. Goliána,Q702648,Ján Golian,True,1.0
J. G. Tajovského,Q1603028,Jozef Gregor Tajovský,True,0.9
J. Hanulu,Q718203,Jozef Hanula,True,0.9
J. Hollého,Q13421293,Ján Hollý,False,0.9
J. Husa,Q43977,Ján Hus,True,1.0
J. I. Bajzu,Q265676,Jozef Ignác Bajza,True,0.9
Jihlavská,Q183111,Jihlava,False,0.9
Jilemnického,Q1357126,Peter Jilemnický,True,0.9
Jiráskova,Q161368,Alois Jirásek,True,0.7
Jiřího Wolkera,Q158379,Jiří Wolker,True,1.0
J. Jesenského,Q662143,Janko Jesenský,True,0.9
J. Kačku,Q13420909,Jozef Kačka,True,0.9
J. Kalinčiaka,Q2467280,Ján Kalinčiak,True,1.0
J. Kollára,Q220550,Ján Kollár,True,1.0
J. Kostru,Q12027394,Ján Kostra,True,0.9
J. Kráľa,Q376416,Janko Kráľ,True,1.0
J. Kupeckého,Q700163,Ján Kupecký,True,0.9
J. L. Bellu,Q964103,Ján Levoslav Bella,True,0.9
J. Ľ. Holubyho,Q12768950,Karol Holuby,True,1.0
J. Martinčeka,Q12773741,Peter Martinček,True,1.0
J. Matušku,Q975382,Janko Matúška,True,0.9
J. Matúšku,Q975382,Janko Matúška,True,0.9
J. M. Hurbana,Q933685,Jozef Miloslav Hurban,True,1.0
J. Mudrocha,Q12027436,Ján Mudroch,True,1.0
J. Murgaša,Q980550,Jozef Murgaš,True,1.0
Jonáša Záborského,Q2624895,Jonáš Záborský,True,1.0
Jozefa Cígera Hronského,Q979946,Jozef Cíger-Hronský,True,1.0
Jozefa Gabčíka,Q432927,Jozef Gabčík,True,1.0
Jozefa Gregora Tajovského,Q1603028,Jozef Gregor Tajovský,True,1.0
Jozefa Horáka,Q12026992,Jozef Horák,True,1.0
Jozefa Ignáca Bajzu,Q265676,Jozef Ignác Bajza,True,1.0
Jozefa Kačku,Q13420909,Jozef Kačka,True,1.0
Jozefa Karola Hella,Q730241,Jozef Karol Hell,True,1.0
Jozefa Kollára,Q12768176,Jozef Kollár,False,1.0
Jozefa Kovátsa,Q25466361,József Kovács,True,1.0
Jozefa Kronera,Q511930,Jozef Kroner,True,1.0
Jozefa Kubinu,Q765368,Andrej Kubina,True,0.9
Jozefa Martinčeka,Q12773741,Peter Martinček,True,1.0
Jozefa Miloslava Hurbana,Q933685,Jozef Miloslav Hurban,True,1.0
Jozefa Mistríka,Q13420950,Jozef Mistrík,True,1.0
Jozefa Murgaša,Q980550,Jozef Murgaš,True,1.0
Jozefa Škultétyho,Q3563704,Jozef Škultéty,True,1.0
Jozefská,Q128267,svätý Jozef,False,1.0
József Attila,Q470621,svätý Metod,True,0.0
J. Palárika,Q1102385,Ján Palárik,True,1.0
J. Palárika,Q12768593,Ján Paľo,True,0.9
J. Palkoviča,Q823400,Juraj Palkovič,True,1.0
J. Péczeliho,Q12771735,Miloš Uher,True,0.0
J. Považana,Q13421575,Július Považan,True,1.0
J. R. Poničana,Q12768607,Ján Poničan,True,1.0
J. Smreka,Q1670526,Ján Smrek,True,1.0
J. Švermu,Q532174,Jan Šverma,True,0.9
J. Tranovského,Q1080664,Juraj Tranovský,True,0.9
Júliusa Barča Ivana,Q3850969,Július Barč-Ivan,True,1.0
Júliusa Bottu,Q974206,Ján Botto,True,0.9
Juliusa Fučíka,Q142059,Julius Fučík,True,1.0
Júliusa Fučíka,Q142059,Julius Fučík,True,1.0
Júlová,Q121,júl,False,0.9
Júnová,Q120,jún,False,1.0
Jura Hronca,Q6314717,Jur Hronec,True,1.0
Juraja Dózsu,Q366978,Juraj Dóža,True,0.9
Juraja Fándlyho,Q898705,Juraj Fándly,True,1.0
Juraja Jánošíka,Q706268,Juraj Jánošík,True,0.9
Juraja Kmeťa,Q765336,Andrej Kmeť,True,1.0
Juraja Palkoviča,Q823400,Juraj Palkovič,True,1.0
Juraja Sklenára,Q12768363,Juraj Sklenár,True,1.0
Jurija Gagarina,Q7327,Jurij Alexejevič Gagarin,True,1.0
Jurka Langsfelda,Q18595457,Juraj Langsfeld,True,1.0
Jurkovičova,Q3563677,Samuel Jurkovič,True,1.0
Jurovského,Q391641,Šimon Jurovský,True,0.9
Južná,Q315222,Ľudovít Štúr,True,0.0
J. Wolkera,Q158379,Jiří Wolker,True,1.0
J. Wolkra,Q158379,Jiří Wolker,True,0.0
J. Záborského,Q2624895,Jonáš Záborský,True,0.9
Kafendova,Q3505734,Frico Kafenda,True,0.9
Kalinčiaka,Q2467280,Ján Kalinčiak,True,1.0
Kalinčiakova,Q2467280,Ján Kalinčiak,True,1.0
Kalinčiaková,Q2467280,Ján Kalinčiak,True,1.0
Kálmána Mikszátha,Q350552,Kálmán Mikszáth,True,1.0
Kamenná,Q22731,kameň,False,1.0
Kamilková,Q28437,rumanček kamilkový,False,0.7
Kapicova,Q172844,Piotr Leonidovič Kapica,True,0.7
Kapitána Jána Nálepku,Q385147,Ján Nálepka,True,0.9
Kapitána Jaroša,Q156070,Otakar Jaroš,True,1.0
Kapitána Morávku,Q20852813,Štefan Morávka,True,0.9
Kapitána Nálepku,Q385147,Ján Nálepka,True,0.9
Kapušanská,Q1095718,Kapušany,False,0.9
Kapušianska,Q1095718,Kapušany,False,0.7
Kapustná,Q35051,kapusta obyčajná hlávková,False,0.9
Karlovarská,Q384544,Karlove Vary,False,0.7
Karmelitánska,Q186277,Karmelitáni,False,0.7
Karola Kmeťku,Q6373046,Karol Kmeťko,True,0.9
Karola Krčméryho,Q4181190,Štefan Krčméry,True,1.0
Karola Kuzmányho,Q697863,Karol Kuzmány,True,1.0
Karola Salvu,Q1104940,Karol Salva,True,1.0
Karola Šmidkeho,Q515214,Karol Šmidke,True,1.0
Karola Šmidkého,Q515214,Karol Šmidke,True,1.0
Karpatská,Q1288,Karpaty,False,0.7
K. Braxatorisa,Q13441419,Martin Miloš Braxatoris,True,1.0
K. Jarunkovej,Q3504173,Klára Jarunková,True,0.9
K. Kuzmányho,Q697863,Karol Kuzmány,True,1.0
Kladenská,Q155993,Kladno,False,1.0
Kláry Jarunkovej,Q3504173,Klára Jarunková,True,0.9
Kláštorné námestie,Q766882,Andrej Ľudovít Radlinský,True,0.0
Klempova,Q13421320,Ján Klempa,True,0.9
Klimkovičova,Q18511597,Vojtech Klimkovič,True,0.7
K. Medveckého,Q13538888,Samuel Medvecký,True,0.9
Kmeťkova,Q6373046,Karol Kmeťko,True,1.0
Kmeťova,Q765336,Andrej Kmeť,True,1.0
K. Mikszátha,Q350552,Kálmán Mikszáth,True,1.0
Kniežaťa Pribinu,Q355900,Pribina,True,0.9
Koceľova,Q709663,Koceľ,True,1.0
Kohútova,Q662143,Janko Jesenský,True,0.0
Kollárova,Q220550,Ján Kollár,True,1.0
Kollárová,Q220550,Ján Kollár,True,1.0
Kollárovo námestie,Q220550,Ján Kollár,True,1.0
Kolomana Sokola,Q1359786,Koloman Sokol,True,1.0
Komenského,Q12735,Jan Amos Komenský,True,0.9
Komenského,Q1537896,Svätý Gorazd,True,0.0
Komenského park,Q12735,Jan Amos Komenský,True,0.9
Konevova,Q185024,Ivan Stepanovič Konev,True,1.0
Konštantína Čulena,Q164905,Konštantín Čulen,True,1.0
Konštantínova,Q239925,Cyril a Metod,False,1.0
Koperníkova,Q619,Mikuláš Kopernik,True,0.7
Korzo Bélu Bartóka,Q83326,Béla Bartók,True,0.9
Košická,Q25409,Košice,False,0.9
Kostlivého,Q12776645,Stanislav Kostlivý,True,0.9
Kostolná,Q16970,kostol,False,0.7
Kostrova,Q12027394,Ján Kostra,True,0.9
Kozáková,Q573152,Kozák,False,1.0
Kozia,Q508663,Pavol Országh Hviezdoslav,True,0.0
Kozičova,Q18396703,Eduard Nepomuk Kozic,True,0.7
Kpt. Jána Nálepku,Q385147,Ján Nálepka,True,1.0
Kpt. Jaroša,Q156070,Otakar Jaroš,True,1.0
kpt. J. Nálepku,Q385147,Ján Nálepka,True,1.0
Kpt. J. Nálepku,Q385147,Ján Nálepka,True,1.0
kpt. Miloša Uhra,Q12771735,Miloš Uher,True,1.0
Kpt. M. Uhra,Q12771735,Miloš Uher,True,0.0
Kpt. Nálepku,Q158354,Pavel Jozef Šafárik,True,0.0
Kpt. Nálepku,Q385147,Ján Nálepka,True,1.0
Kpt.Nálepku,Q385147,Ján Nálepka,True,1.0
Kpt. Uhra,Q12771735,Miloš Uher,True,0.0
Krakovská,Q31487,Krakov,False,0.7
Kraskova,Q1675575,Ivan Krasko,True,1.0
Krásnohorská,Q592319,Krásna Hôrka,False,0.9
Krátka,Q13371631,Štefan Králik,True,0.0
Krátka,Q36253,dĺžka,False,0.0
Krčméryho,Q4181190,Štefan Krčméry,True,1.0
Kremnická,Q754776,Kremnica,False,0.9
Kríková,Q42295,Ker,False,1.0
Kristy Bendovej,Q12031483,Krista Bendová,True,0.9
Križkova,Q1121255,Pavol Križko,True,0.7
Krmanova,Q543073,Daniel Krman,True,1.0
Krokusová,Q157806,šafran,False,0.7
Krompašská,Q842018,Krompachy,False,0.7
Krupinská,Q756667,Krupina,False,0.9
K. Sidora,Q515230,Karol Sidor,True,1.0
K. Šmidkeho,Q515214,Karol Šmidke,True,1.0
Kubínska,Q589309,Dolný Kubín,False,1.0
Kúkoľová,Q147852,kúkoľ poľný,False,1.0
Kukorelliho,Q12781505,Ľudovít Kukorelli,True,1.0
Kukučinova,Q1384769,Martin Kukučín,True,1.0
Kukučínova,Q1384769,Martin Kukučín,True,1.0
Kukučínova,Q508663,Pavol Országh Hviezdoslav,True,0.0
Kukučínová,Q1384769,Martin Kukučín,True,1.0
Kuneradská,Q211973,Kunerad,False,1.0
Kuzmányho,Q697863,Karol Kuzmány,True,1.0
Kuzmányho nábrežie,Q697863,Karol Kuzmány,True,1.0
Kyjevské námestie,Q1899,Kyjev,False,1.0
Laca Novomeského,Q823247,Laco Novomeský,True,0.9
Ladislava Dérera,Q12032480,Ladislav Dérer (lekár),True,1.0
Ladislava Exnára,Q12770108,Ladislav Exnár,True,1.0
Ladislava Majerského,Q12770121,Ladislav Majerský,True,1.0
Ladislava Medňanského,Q652975,Ladislav Medňanský,True,1.0
Ladislava Novomeského,Q823247,Laco Novomeský,True,0.9
Ladislava Sáru,Q12770129,Ladislav Sára,True,1.0
Ladiverova,Q1329081,Eliáš Ladiver,True,1.0
Ladzianskeho,Q12768737,Július Ladziansky,True,0.7
Langsfeldova,Q18595457,Juraj Langsfeld,True,1.0
Ľanová,Q1426327,ľan,False,1.0
Ľanová,Q45108,Ľan siaty,False,1.0
Laskomerského,Q11736366,Gustáv Kazimír Zechenter-Laskomerský,True,0.9
Laurínska,Q17590,Vavrinec Rímsky,True,0.7
Lehárova,Q191917,Lehár Ferenc,True,1.0
Leoša Janáčka,Q184933,Leoš Janáček,True,1.0
Lermontova,Q46599,Michail Jurievič Lermontov,True,1.0
Lermontovova,Q46599,Michail Jurievič Lermontov,True,1.0
Lesnícka,Q38112,lesné hospodárstvo,False,0.9
Levanduľová,Q171892,levanduľa,False,0.9
Levočská,Q242478,Levoča,False,0.9
L. Exnára,Q12770108,Ladislav Exnár,True,1.0
Ľ. Fullu,Q345078,Ľudovít Fulla,True,0.9
Lichardova,Q3701605,Daniel Gabriel Lichard,True,1.0
Likavská,Q1012967,Likava,False,0.9
Lipová,Q127849,lipa,False,0.9
Lisztova,Q41309,Franz Liszt,True,1.0
Ľ. Medveckého,Q13538888,Samuel Medvecký,True,0.9
L. Novomeského,Q823247,Laco Novomeský,True,0.9
L. N. Tolstého,Q7243,Lev Nikolajevič Tolstoj,True,0.0
L.N. Tolstého,Q7243,Lev Nikolajevič Tolstoj,True,0.0
Lodná,Q11446,loď,False,1.0
Lombardiniho,Q13374166,Alexander Lombardini,True,1.0
Lomonosova,Q58720,Michail Vasilievič Lomonosov,True,1.0
Lomonosovova,Q58720,Michail Vasilievič Lomonosov,True,1.0
Ľ. Ondrejova,Q3504212,Ľudo Ondrejov,True,1.0
Lorinčícka,Q524993,Lorinčík,False,0.7
Lotyšská,Q211,Lotyšsko,False,0.9
Ľ. Pajdušákovej,Q434592,Ľudmila Pajdušáková,True,0.9
Ľ. Podjavorinskej,Q10545696,Ľudmila Podjavorinská,True,0.9
Ľ. Podjavorinskej,Q319962,Milan Rastislav Štefánik,True,0.0
L. Sáru,Q12770129,Ladislav Sára,True,0.9
Ľ. Štúra,Q315222,Ľudovít Štúr,True,1.0
L. Svobodu,Q310000,Ludvík Svoboda,True,0.9
Ľubietovská,Q223477,Ľubietová,False,0.9
Ľubovnianska,Q1072570,Ľubovniansky hrad,False,0.9
Lučenecká,Q728965,Lučenec,False,1.0
Lúčkovská,Q376416,Janko Kráľ,True,0.0
Ľuda Ondrejova,Q3504212,Ľudo Ondrejov,True,0.9
Ľud. Kukorelliho,Q12781505,Ľudovít Kukorelli,True,1.0
Ľudmily Podjavorinskej,Q10545696,Ľudmila Podjavorinská,True,0.9
Ľudovíta Fullu,Q345078,Ľudovít Fulla,True,1.0
Ľudovíta Štúra,Q315222,Ľudovít Štúr,True,1.0
Ľud. Štúra,Q315222,Ľudovít Štúr,True,1.0
Ludvíka Svobodu,Q310000,Ludvík Svoboda,True,1.0
Ludvika van Beethovena,Q255,Ludwig van Beethoven,True,1.0
Ľ. Zúbka,Q12781479,Ľudo Zúbek,True,0.0
M. A. Bazovského,Q10545875,Ľudovít Bazovský,True,0.9
M. A. Bazovského,Q2702071,Miloš Alexander Bazovský,True,0.9
M. A. Beňovského,Q93419,Móric Beňovský,True,0.9
Madách utca,Q366331,Imre Madách,True,1.0
Majakovského,Q132964,Vladimir Vladimirovič Majakovskij,True,0.7
Majerníkova,Q7940636,Cyprián Majerník,True,1.0
Maková,Q131584,mak siaty,False,1.0
Makovického,Q2055549,Dušan Makovický,True,0.9
Malá Urbankova,Q12004160,Ferko Urbánek,True,0.0
Malinovská,Q937578,Malinovo,False,0.9
Malinovského,Q204338,Rodion Jakovlevič Malinovskij,True,0.7
Malodunajská,Q937294,Malý Dunaj,False,0.9
Margarétová,Q21040,Margaréta (rod),False,0.7
Marhuľová,Q12771024,Marhuľa,False,0.9
Mariána Blahu,Q769613,Marián Blaha,True,1.0
Márie Medveckej,Q11787765,Mária Medvecká,True,0.9
Marka Čulena,Q12035321,Marek Čulen,True,1.0
Markovičova,Q12021963,Ivan Markovič,True,1.0
Maršala Koneva,Q185024,Ivan Stepanovič Konev,True,1.0
Maršála Malinovského,Q204338,Rodion Jakovlevič Malinovskij,True,0.9
Martákovej,Q12772194,Mária Rázusová-Martáková,True,0.0
Martina Benku,Q1903455,Martin Benka,True,0.9
Martina Braxatorisa,Q13441419,Martin Miloš Braxatoris,True,1.0
Martina Čulena,Q13441465,Martin Čulen,True,1.0
Martina Hamuljaka,Q552703,Martin Hamuljak,True,1.0
Martina Hattalu,Q1040777,Martin Hattala,True,0.9
Martina Kollára,Q12771149,Martin Kollár (kňaz),True,1.0
Martina Kukučína,Q1384769,Martin Kukučín,True,1.0
Martina Martinčeka,Q12773741,Peter Martinček,True,1.0
Martina Rázusa,Q164902,Martin Rázus,True,1.0
Martinská,Q27001,Martin,False,1.0
Masarykova,Q78492,Tomáš Garrigue Masaryk,True,1.0
Maše Haľamovej,Q12036228,Maša Haľamová,True,0.9
Mateja Bela,Q697179,Matej Bel,True,1.0
Mateja Bela Funtíka,Q697179,Matej Bel,True,1.0
Mateja Belu,Q697179,Matej Bel,True,1.0
Mateja Hrebendu,Q12771192,Matej Hrebenda,True,1.0
Mateja Murgaša,Q980550,Jozef Murgaš,True,1.0
Matejovské námestie,Q48173,Bedřich Smetana,True,0.0
Matky Terezy,Q30547,Matka Tereza,True,0.9
Matúša Čáka Trenčianskeho,Q222534,Matúš Čák Trenčiansky,True,0.9
Matuškova,Q975382,Janko Matúška,True,0.9
Matúškova,Q975382,Janko Matúška,True,0.9
Max Brose,Q1912303,Max Brose,True,1.0
Max. Gorkého,Q12706,Maxim Gorkij,True,0.9
Maxima Gorkého,Q12706,Maxim Gorkij,True,1.0
Maximiliána Hella,Q11893,Maximilián Hell,True,1.0
M. Bazovského,Q10545875,Ľudovít Bazovský,True,0.9
M. Bela,Q697179,Matej Bel,True,1.0
M. Benku,Q1903455,Martin Benka,True,0.9
M. Csáka,Q222534,Matúš Čák Trenčiansky,True,1.0
M. Čulena,Q13441465,Martin Čulen,True,1.0
M. Curie Sklodowskej,Q7186,Marie Curiová,True,0.9
Medená,Q753,meď,False,1.0
Medňanského,Q652975,Ladislav Medňanský,True,0.9
Medzevská,Q135727,Medzev,False,1.0
Meteorová,Q131136,Meteor,False,0.9
Metodova,Q470621,svätý Metod,True,1.0
M. Galandu,Q3489752,Mikuláš Galanda,True,0.9
M. Gorkého,Q12706,Maxim Gorkij,True,0.9
M. Hodžu,Q1392478,Michal Miloslav Hodža,True,0.9
Michala Miloslava Hodžu,Q1392478,Michal Miloslav Hodža,True,0.7
Michala Petru,Q12771552,Michal Petro,True,1.0
Michalovská,Q460925,Michalovce,False,0.7
Michalska,Q45581,Michal archanjel,False,1.0
Michalská,Q45581,Michal archanjel,False,1.0
Michalská bašta,Q45581,Michal archanjel,False,1.0
Michalská časť,Q45581,Michal archanjel,False,1.0
Michalský chodník,Q45581,Michal archanjel,False,1.0
Mierová,Q454,mier,False,1.0
Mierové námestie,Q470621,svätý Metod,True,0.0
Mikovíniho,Q530425,Samuel Mikovíni,True,0.9
Mikszátha,Q350552,Kálmán Mikszáth,True,1.0
Mikszáth Kálmán út,Q210207,Arpád,True,0.0
Mikszáthova,Q350552,Kálmán Mikszáth,True,1.0
Mikuláša Dohnányho,Q12771630,Mikuláš Dohnány,True,1.0
Mikuláša Galandu,Q3489752,Mikuláš Galanda,True,1.0
Milana Rastislava Štefánika,Q319962,Milan Rastislav Štefánik,True,1.0
Mila Urbana,Q951434,Milo Urban,True,0.9
Miloša Uhra,Q12771735,Miloš Uher,True,1.0
Miloša Uhra,Q508663,Pavol Országh Hviezdoslav,True,0.0
Minská,Q2280,Minsk,False,1.0
Mirka Nešpora,Q12771770,Mirko Nešpor,True,0.9
M. J. Lermontova,Q46599,Michail Jurievič Lermontov,True,1.0
M. Kukučína,Q1384769,Martin Kukučín,True,1.0
Mládeže,Q12771770,Mirko Nešpor,True,0.0
Mladoboleslavská,Q191805,Mladá Boleslav,False,0.9
M. Medveckej,Q11787765,Mária Medvecká,True,0.9
M. M. Hodžu,Q1392478,Michal Miloslav Hodža,True,0.9
M. Nemcovej,Q157970,Božena Němcová,True,0.9
M. Nešpora,Q12771770,Mirko Nešpor,True,1.0
M. Nešporu,Q12771770,Mirko Nešpor,True,1.0
Modranská cesta,Q1058166,Modrany,False,0.9
Mojmírova,Q433975,Mojmír I.,True,1.0
Mojmírova,Q551716,Mojmír II.,True,1.0
Moldavská,Q846440,Moldava nad Bodvou,False,0.9
Móra Jókaiho,Q379621,Mór Jókai,True,1.0
Mosadzná,Q39782,Mosadz,False,1.0
Most Jána Pavla II.,Q989,Ján Pavol II.,True,1.0
Most Matúška,Q975382,Janko Matúška,True,1.0
Mostná,Q12280,most,False,1.0
Motýlia,Q28319,motýle,False,1.0
Moyzesova,Q1029499,Alexander Moyzes,True,1.0
Moyzesova,Q158354,Pavel Jozef Šafárik,True,0.0
Moyzesova,Q392368,Štefan Moyzes,True,1.0
Mozartova,Q254,Wolfgang Amadeus Mozart,True,1.0
M. Pružinského,Q12037126,Mikuláš Pružinský,True,0.9
Mramorová,Q40861,mramor,False,1.0
M. Rázusa,Q164902,Martin Rázus,True,1.0
M. R. Štefánika,Q319962,Milan Rastislav Štefánik,True,1.0
M. Schneidra Trnavského,Q3506661,Mikuláš Schneider-Trnavský,True,0.9
M. Schneidra-Trnavského,Q3506661,Mikuláš Schneider-Trnavský,True,0.9
M. Šolochova,Q42398,Michail Alexandrovič Šolochov,True,1.0
M. S. Trnavského,Q3506661,Mikuláš Schneider-Trnavský,True,0.9
Muchovo námestie,Q146691,Alfons Mucha,True,0.9
Mudrochova,Q12027436,Ján Mudroch,True,1.0
Mudroňova,Q12027437,Ján Mudroň,True,1.0
M. Urbana,Q951434,Milo Urban,True,1.0
Murgašova,Q980550,Jozef Murgaš,True,1.0
Muškátová,Q146118,pelargónia,False,1.0
M. V. Miškovského,Q1180315,Viktor Miškovský,True,0.9
Nábělkova,Q12770577,Ludvík Nábělek (1896),True,0.7
Nábrežie A. Hlinku,Q467797,Andrej Hlinka,True,0.9
Nábrežie A. Kmeťa,Q765336,Andrej Kmeť,True,1.0
Nábrežie Dr. Aurela Stodolu,Q666875,Aurel Stodola,True,0.9
Nábrežie generála Milana Rastislava Štefánika,Q319962,Milan Rastislav Štefánik,True,1.0
Nábrežie Jána Pavla II,Q989,Ján Pavol II.,True,1.0
Nábrežie Jána Pavla II.,Q989,Ján Pavol II.,True,1.0
Nábrežie Janka Kráľa,Q376416,Janko Kráľ,True,0.9
Nábrežie J. Kalinčiaka,Q2467280,Ján Kalinčiak,True,1.0
Nábrežie Ľ. Štúra,Q315222,Ľudovít Štúr,True,1.0
Nábrežie M.R. Štefánika,Q319962,Milan Rastislav Štefánik,True,1.0
Nábr. I. Krasku,Q1675575,Ivan Krasko,True,0.9
Nábr. J. M. Hurbana,Q933685,Jozef Miloslav Hurban,True,1.0
Nábr. Ľ. Štúra,Q315222,Ľudovít Štúr,True,1.0
Na Hlinku,Q467797,Andrej Hlinka,True,0.9
Na Hlinky,Q467797,Andrej Hlinka,True,0.9
Nálepkova,Q385147,Ján Nálepka,True,0.9
Námestie A. Hlinku,Q467797,Andrej Hlinka,True,0.9
Námestie A. H. Škultétyho,Q3629542,August Horislav Škultéty,True,1.0
Námestie Alberta Molnára,Q1357126,Peter Jilemnický,True,0.0
Námestie Alexandra Dubčeka,Q150543,Alexander Dubček,True,1.0
Námestie Andreja Hlinku,Q467797,Andrej Hlinka,True,1.0
Námestie Andreja Sládkoviča,Q503068,Andrej Sládkovič,True,1.0
Námestie Antona Bernoláka,Q588302,Anton Bernolák,True,1.0
Námestie arm. gen. L. Svobodu,Q310000,Ludvík Svoboda,True,0.9
Námestie baníkov,Q33057836,Ivan Baník,True,1.0
Námestie B. Bartóka,Q83326,Béla Bartók,True,1.0
Námestie Bélu Bartóka,Q83326,Béla Bartók,True,0.9
Námestie Cyrila a Metoda,Q470621,svätý Metod,True,1.0
Námestie Dr. V. Clementisa,Q975331,Vladimír Clementis,True,1.0
Námestie E. M. Šoltésovej,Q12765281,Elena Maróthy-Šoltésová,True,0.9
Námestie gen. M. R. Štefánika,Q319962,Milan Rastislav Štefánik,True,1.0
Námestie gen. Štefánika,Q319962,Milan Rastislav Štefánik,True,1.0
Námestie Jána Kostru,Q12027394,Ján Kostra,True,1.0
Námestie Jána Pavla II.,Q989,Ján Pavol II.,True,1.0
Námestie Janka Francisciho,Q6148919,Ján Francisci,True,1.0
Námestie J. Dózsu,Q366978,Juraj Dóža,True,0.9
Námestie J. Kráľa,Q376416,Janko Kráľ,True,1.0
Námestie J. Murgaša,Q980550,Jozef Murgaš,True,1.0
Námestie Karola Salvu,Q1104940,Karol Salva,True,1.0
Námestie kpt. Nálepku,Q385147,Ján Nálepka,True,1.0
Námestie Kpt. Nálepku,Q385147,Ján Nálepka,True,1.0
Námestie László Kovácsa,Q315222,Ľudovít Štúr,True,0.0
Námestie L. Novomeského,Q823247,Laco Novomeský,True,0.9
Námestie Ľ. Štúra,Q315222,Ľudovít Štúr,True,1.0
Námestie Ľ. Štúra,Q503068,Andrej Sládkovič,True,0.0
Námestie Ľudovíta Fullu,Q345078,Ľudovít Fulla,True,1.0
Námestie Ludvíka Svobodu,Q310000,Ludvík Svoboda,True,1.0
Námestie L. van Beethovena,Q255,Ludwig van Beethoven,True,1.0
Námestie Majstra Pavla,Q593148,Majster Pavol z Levoče,True,1.0
Námestie Martina Benku,Q1903455,Martin Benka,True,0.9
Námestie Mateja Korvína,Q188634,Matej I.,True,0.9
Námestie mieru,Q454,mier,False,1.0
Námestie Milana Rastislava Štefánika,Q319962,Milan Rastislav Štefánik,True,1.0
Námestie Mórica Beňovského,Q93419,Móric Beňovský,True,1.0
Námestie osloboditeľov,Q392368,Štefan Moyzes,True,0.0
Námestie P. O. Hviezdoslava,Q508663,Pavol Országh Hviezdoslav,True,1.0
Námestie slobody,Q2979,sloboda,False,0.9
Námestie Slovenskej republiky,Q214,Slovensko,False,0.9
Námestie Š. M. Daxnera,Q255678,Štefan Marko Daxner,True,1.0
Námestie svätého Egídia,Q149727,Egídius,True,1.0
Námestie sv. Cyrila a Metoda,Q470621,svätý Metod,True,1.0
Námestie sv. Ignáca,Q44281,Ignác z Loyoly,True,1.0
Námestie sv. Michala,Q45581,Michal archanjel,False,1.0
Námestie sv. Urbana,Q951434,Milo Urban,True,1.0
Námestie sv. Vavrinca,Q17590,Vavrinec Rímsky,True,1.0
Námestie Vladimíra Clementisa,Q975331,Vladimír Clementis,True,0.9
Na vŕšku,Q2535015,Vrch,False,0.0
Nechtíková,Q145930,nechtík lekársky,False,1.0
Nejedlého,Q169038,Zdeněk Nejedlý,True,0.9
Němcovej,Q157970,Božena Němcová,True,0.9
Nešporova,Q12771770,Mirko Nešpor,True,1.0
Nezvalova,Q471184,Vítězslav Nezval,True,1.0
Niklová,Q744,nikel,False,1.0
Niťová,Q1391831,niť,False,1.0
Nitrianska,Q26397,Nitra,False,1.0
Nitrianska,Q508663,Pavol Országh Hviezdoslav,True,0.0
Nížinná,Q193071,Nížina,False,0.9
Nobelova,Q23810,Alfred Nobel,True,1.0
Nová Bellova,Q964103,Ján Levoslav Bella,True,0.9
Novobanská,Q268463,Nová Baňa,False,0.9
Novomeského,Q823247,Laco Novomeský,True,0.9
Novoviesska cesta,Q1044209,Nová Vieska,False,0.9
Novozámocká cesta,Q276362,Nové Zámky,False,0.9
Nový sad,Q55630,Nový Sad,False,1.0
N. V. Gogoľa,Q43718,Nikolaj Vasilievič Gogoľ,True,1.0
Obežná,Q13537720,Obežnica,False,0.7
Oblúková,Q12277,oblúk,False,1.0
Obrancov mieru,Q697863,Karol Kuzmány,True,0.0
Ochotnícka,Q455695,Ochotnícke divadlo,False,0.9
Olbrachtova,Q560390,Ivan Olbracht,True,1.0
Olivová,Q1621080,oliva,False,0.9
Ondavská,Q644669,Ondava,False,0.9
Ondreja Plachého,Q1224644,Ondrej Plachý,True,1.0
O. Plachého,Q1224644,Ondrej Plachý,True,0.9
Orgovánová,Q6565319,orgován obyčajný,False,0.7
Osiková,Q146110,Topoľ osikový,False,0.9
Ostrovského,Q171976,Alexandr Nikolajevič Ostrovskij,True,0.9
Ovocná,Q3314483,ovocie,False,0.7
Ožvoldíkova,Q12768983,Karol Ožvoldík,True,1.0
Palackého,Q159642,František Palacký,True,0.9
Palárikova,Q1102385,Ján Palárik,True,1.0
Palárikov rad,Q1102385,Ján Palárik,True,1.0
Palkovičova,Q503068,Andrej Sládkovič,True,0.0
Palkovičova,Q823400,Juraj Palkovič,True,0.7
Palmová,Q1096533,Arekotvaré,False,0.7
Paňovská,Q545165,Paňovce,False,0.7
Papraďová,Q56823139,Výtrusné cievnaté rastliny,False,0.0
Páričkova,Q106832177,Ján Párička,True,0.9
Pavla Blaha,Q769613,Marián Blaha,True,1.0
Pavla Blahu,Q769613,Marián Blaha,True,0.9
Pavla Dobšinského,Q897973,Pavol Dobšinský,True,0.9
Pavla Horova,Q1092622,Pavol Horov,True,1.0
Pavla Jozefa Šafárika,Q158354,Pavel Jozef Šafárik,True,1.0
Pavla Koyša,Q12044141,Pavel Koyš,True,1.0
Pavla Križku,Q1121255,Pavol Križko,True,0.9
Pavla Kyrmezera,Q3564120,Pavel Kyrmezer,True,1.0
Pavla Országha Hviezdoslava,Q508663,Pavol Országh Hviezdoslav,True,1.0
Pavla Straussa,Q717336,Pavol Strauss,True,1.0
Pavlovičova,Q12771549,Michal Pavlovič,True,1.0
Pavlovičovo námestie,Q12771549,Michal Pavlovič,True,1.0
P. Benického,Q792909,Peter Benický,True,0.9
P. Blahu,Q769613,Marián Blaha,True,0.9
P. Dobšinského,Q897973,Pavol Dobšinský,True,0.9
Pečnianska,Q20860915,Pečňa,False,0.9
Pekelná,Q12768675,Ján Zigmundík,True,0.0
Petra Bohúňa,Q12765357,Emo Bohúň,True,1.0
Petra Jilemnického,Q1357126,Peter Jilemnický,True,0.9
Petra Karvaša,Q332949,Peter Karvaš,True,1.0
Petzvalova,Q520053,Jozef Maximilián Petzval,True,1.0
P. Horova,Q1092622,Pavol Horov,True,1.0
P. Hostinského,Q12773727,Peter Kellner-Hostinský,True,0.9
Piata,Q203,pět,False,0.0
P. I. Čajkovského,Q7315,Piotr Iľjič Čajkovskij,True,0.9
Pieninská,Q677415,Pieniny,False,0.7
Piešťanská,Q321074,Piešťany,False,0.9
P. Jilemnického,Q1357126,Peter Jilemnický,True,0.9
P. J. Šafárika,Q158354,Pavel Jozef Šafárik,True,1.0
P. K. Hostinského,Q12773727,Peter Kellner-Hostinský,True,0.9
Plachého,Q1224644,Ondrej Plachý,True,0.9
Planckova,Q9021,Max Planck,True,0.7
Platinová,Q880,platina,False,0.9
Plávková,Q246696,holubinka namodralá,False,0.0
Plickova,Q3108987,Karol Plicka,True,0.9
Pod agátmi,Q157417,agát biely,False,1.0
Podbeľová,Q26302,podbeľ liečivý,False,1.0
Podbrezovská,Q731309,Podbrezová,False,0.9
Pod hájom,Q376416,Janko Kráľ,True,0.0
Podhorská,Q376416,Janko Kráľ,True,0.0
Podjavorinskej,Q10545696,Ľudmila Podjavorinská,True,0.9
Podlesná,Q4421,les,False,1.0
Podnikateľská,Q43845,podnikateľ,False,1.0
Pod Párovcami,Q706268,Juraj Jánošík,True,0.0
Pod rotbánom,Q376416,Janko Kráľ,True,0.0
Pod Skalkou,Q376416,Janko Kráľ,True,0.0
Pod skalou,Q581776,skala,False,0.9
P. O. Hviezdoslava,Q508663,Pavol Országh Hviezdoslav,True,1.0
Poľná,Q376416,Janko Kráľ,True,0.0
Poloninská,Q245768,Poloniny,False,0.9
Poľovská,Q220702,Poľov,False,1.0
Poľská,Q36,Poľsko,False,0.9
Poničanova,Q12768607,Ján Poničan,True,1.0
Poniklecová,Q9333950,Poniklec slovenský,False,1.0
Popradská,Q26393,Poprad,False,1.0
Popradská,Q7327,Jurij Alexejevič Gagarin,True,0.0
Považanova,Q13421575,Július Považan,True,1.0
Povoznícka,Q1473046,Povozník,False,0.7
Požiarnická,Q107711,hasič,False,0.7
Prašná,Q13538521,Prach,False,0.0
Prašná,Q165632,prach,False,0.0
Prepoštská,Q756215,Prepošt,False,1.0
Prešovská,Q26119,Prešov,False,1.0
Pribinova,Q355900,Pribina,True,0.9
Pribinovo námestie,Q355900,Pribina,True,0.9
Prievidzská,Q208750,Prievidza,False,0.9
Pri Miklušovej väznici,Q3403979,Miklušova väznica,False,0.9
Pri pasienku,Q30121,pasienok,False,0.9
Pri Pastierni,Q12059906,pastier,False,1.0
Prokopa Veľkého,Q366500,Prokop Holý,True,1.0
Prvá,Q199,jeden,False,0.0
Púchovská,Q258481,Púchov,False,1.0
Puškinova,Q7200,Alexandr Sergejevič Puškin,True,1.0
Puškinová,Q7200,Alexandr Sergejevič Puškin,True,1.0
Pyrenejská,Q12431,Pyreneje,False,0.9
Radarová,Q47528,radar,False,0.7
Radlinského,Q766882,Andrej Ľudovít Radlinský,True,0.9
Radlinského námestie,Q319962,Milan Rastislav Štefánik,True,0.0
Radlinského námestie,Q766882,Andrej Ľudovít Radlinský,True,0.9
Rad L. N. Tolstého,Q7243,Lev Nikolajevič Tolstoj,True,0.0
Rad mjr. Pavloviča,Q12771549,Michal Pavlovič,True,1.0
Radničná,Q543654,radnica,False,0.9
Rajčianska,Q1808083,Rajčanka,False,0.7
Rákócziho,Q142059,Julius Fučík,True,0.0
Rastislavova,Q347148,Rastislav,True,1.0
Rázusova,Q164902,Martin Rázus,True,1.0
R. Dilonga,Q12050136,Rudolf Dilong,True,1.0
Repková,Q1790872,nízkoeruková řepka olejná,False,0.9
Rešetkova,Q992741,Michal Rešetka,True,0.9
Revúcka,Q847213,Revúca,False,0.9
Ríbezľová,Q621670,ríbezľa biela,False,0.9
Riečna,Q9338766,Smrečianka,False,0.0
Rímska,Q220,Rím,False,1.0
Riznerova,Q10546686,Ľudovít Vladimír Rizner,True,1.0
R. Jašíka,Q12775548,Rudolf Jašík,True,1.0
Rosná,Q41097,Rosa,False,0.9
Rovníková,Q23538,rovník,False,1.0
Royova,Q12767691,Ivan Vladimír Roy,True,1.0
Rozkvet,Q1357554,Svetozár Hurban-Vajanský,True,0.0
Rozkvet,Q1903455,Martin Benka,True,0.0
Rozkvet,Q823247,Laco Novomeský,True,0.0
Rudolfa Dilonga,Q12050136,Rudolf Dilong,True,1.0
Rudolfa Jašíka,Q12775548,Rudolf Jašík,True,1.0
Rudolfa Mocka,Q13403702,Rudolf Mock,True,1.0
Rudolfa Vrbu,Q469726,Rudolf Vrba,True,1.0
Rumančeková,Q28437,rumanček kamilkový,False,1.0
Ruttkaya Nedeckého,Q16519819,Viliam Ruttkay-Nedecký,True,0.7
Ružomberská,Q27541,Ružomberok,False,0.7
R. Viesta,Q702651,Rudolf Viest,True,1.0
Sabinovská,Q837478,Sabinov,False,1.0
Sad A. Kmeťa,Q765336,Andrej Kmeť,True,1.0
Sad kpt. Nálepku,Q385147,Ján Nálepka,True,1.0
Sady Cyrila a Metoda,Q470621,svätý Metod,True,1.0
Sady M. R. Štefánika,Q319962,Milan Rastislav Štefánik,True,1.0
Šafárikova,Q158354,Pavel Jozef Šafárik,True,1.0
Šafárikovo námestie,Q158354,Pavel Jozef Šafárik,True,1.0
Salvova,Q1104940,Karol Salva,True,0.9
Sama Bohdana Hroboňa,Q27479589,Ján Miloslav Hroboň,True,1.0
Sama Chalupku,Q262637,Samo Chalupka,True,0.9
Sama Chalúpku,Q262637,Samo Chalupka,True,0.9
Sama Tomašika,Q1363993,Samo Tomášik,True,1.0
Sama Tomášika,Q1363993,Samo Tomášik,True,1.0
Samuela Jurkoviča,Q3563677,Samuel Jurkovič,True,1.0
Samuela Mikovíniho,Q530425,Samuel Mikovíni,True,1.0
Samuela Timona,Q1321225,Samuel Timon,True,1.0
Samuela Tomášika,Q1363993,Samo Tomášik,True,1.0
Sándora Petőfiho,Q81219,Sándor Petőfi,True,1.0
Satinského,Q562897,Július Satinský,True,0.9
S. Chalupku,Q262637,Samo Chalupka,True,0.9
S. Chalúpku,Q262637,Samo Chalupka,True,0.9
Sečovská,Q847336,Sečovce,False,0.7
Senecká,Q2467280,Ján Kalinčiak,True,0.0
Senická,Q750407,Senica,False,0.9
Senná,Q336989,seno,False,1.0
Seredská,Q429676,Sereď,False,1.0
S. Fábryho,Q1004532,Zoltán Fábry,True,1.0
Š. Furdeka,Q10416721,Štefan Furdek,True,1.0
S. H. Vajanského,Q1357554,Svetozár Hurban-Vajanský,True,0.9
Sídlisko Dušana Jurkoviča,Q1268173,Dušan Jurkovič,True,1.0
Siedma,Q23350,7,False,0.0
Sienkiewiczova,Q41502,Henryk Sienkiewicz,True,1.0
Šiesta,Q23488,6,False,0.0
Siladická,Q924183,Siladice,False,0.9
Šimona Jurovského,Q391641,Šimon Jurovský,True,1.0
Šípová,Q15986559,Šíp,False,1.0
Šíravská,Q189395,Zemplínska šírava,False,0.9
Sitnianska,Q1621423,Sitno,False,0.9
S. Jurkoviča,Q3563677,Samuel Jurkovič,True,1.0
Sklenárova,Q12768363,Juraj Sklenár,True,1.0
Skorocelová,Q157408,skorocel kopijovitý,False,1.0
Š. Králika,Q13371631,Štefan Králik,True,1.0
Škultétyho,Q3563704,Jozef Škultéty,True,1.0
Š. Kunu,Q12781728,Štefan Kuna,True,0.9
Skuteckého,Q4422775,Dominik Skutecký,True,0.7
Sládkovičova,Q503068,Andrej Sládkovič,True,1.0
Slančíkovej,Q440577,Božena Slančíková-Timrava,True,0.9
Slanecká,Q1188058,Slanec,False,1.0
Slatinská,Q1813485,Slatina,False,0.9
Sliačska,Q258439,Sliač,False,0.7
Slnečnicová,Q171497,slnečnica ročná,False,0.9
Slovinská,Q267888,Rožňava,False,0.0
Slov. nár. povstania,Q163780,Slovenské národné povstanie,False,0.7
Smaragdová,Q43513,Smaragd,False,1.0
Smetanova,Q48173,Bedřich Smetana,True,0.9
Smetanov háj,Q48173,Bedřich Smetana,True,0.9
Smetanovo námestie,Q48173,Bedřich Smetana,True,0.9
Šmidkeho,Q515214,Karol Šmidke,True,1.0
Š. Moyzesa,Q392368,Štefan Moyzes,True,1.0
Š. Náhalku,Q13371654,Štefan Náhalka,True,0.9
Socháňova,Q12044256,Pavol Socháň,True,1.0
Šoltesovej,Q12765281,Elena Maróthy-Šoltésová,True,0.9
Šoltésovej,Q12765281,Elena Maróthy-Šoltésová,True,0.9
Špieszova,Q12762481,Anton Špiesz,True,1.0
Spojná,Q12776546,Spojnica,False,0.7
Šrobárova,Q329265,Vavro Šrobár,True,1.0
S. Stračinu,Q26550,Svetozár Stračina,True,0.9
Staničná,Q48173,Bedřich Smetana,True,0.0
Starobystrická,Q742807,Stará Bystrica,False,0.9
Štefana C. Parráka,Q239925,Cyril a Metod,False,0.0
Štefana Čulena,Q12035321,Marek Čulen,True,1.0
Štefana Furdeka,Q10416721,Štefan Furdek,True,1.0
Štefana Králika,Q13371631,Štefan Králik,True,1.0
Štefana Krčméryho,Q4181190,Štefan Krčméry,True,1.0
Štefana Marka Daxnera,Q255678,Štefan Marko Daxner,True,1.0
Štefana Moysesa,Q392368,Štefan Moyzes,True,1.0
Štefana Moyzesa,Q392368,Štefan Moyzes,True,1.0
Štefana Nahalku,Q13371654,Štefan Náhalka,True,1.0
Štefánikova,Q319962,Milan Rastislav Štefánik,True,1.0
Štefánikova štvrť,Q319962,Milan Rastislav Štefánik,True,1.0
Štefánikova trieda,Q319962,Milan Rastislav Štefánik,True,1.0
Štefánikovo námestie,Q319962,Milan Rastislav Štefánik,True,1.0
Štefánikovo Námestie,Q319962,Milan Rastislav Štefánik,True,1.0
Štefanovičova,Q13538875,Samuel Dobroslav Štefanovič,True,1.0
Štefunkova,Q4176375,Fraňo Štefunko,True,1.0
Stepná cesta,Q123991,Step,False,1.0
Štiavnická,Q208110,Banská Štiavnica,False,0.9
Št. Moyzesa,Q392368,Štefan Moyzes,True,1.0
Stodolova,Q666875,Aurel Stodola,True,0.9
S. Tomášika,Q1363993,Samo Tomášik,True,1.0
Strážna,Q24192856,Stráže (Bratislava),False,0.9
Štrbská,Q373739,Štrba,False,0.9
Stred,Q12735,Jan Amos Komenský,True,0.0
Stred,Q13537161,Anton Hlinka,True,0.0
Stred,Q508663,Pavol Országh Hviezdoslav,True,0.0
Stred,Q765336,Andrej Kmeť,True,0.0
Stred,Q933685,Jozef Miloslav Hurban,True,0.0
Stred,Q974206,Ján Botto,True,0.0
Strieborná,Q1090,striebro,False,0.7
Studnička,Q508663,Pavol Országh Hviezdoslav,True,0.0
Štúrova,Q315222,Ľudovít Štúr,True,1.0
Štúrová,Q315222,Ľudovít Štúr,True,1.0
Štúrovo nábrežie,Q315222,Ľudovít Štúr,True,1.0
Štúrovo námestie,Q315222,Ľudovít Štúr,True,1.0
Štvrtá,Q202,čtyři,False,0.0
Štvrť Kapitána Nálepku,Q385147,Ján Nálepka,True,0.9
Štvrť Ladislava Novomeského,Q823247,Laco Novomeský,True,0.9
Štvrť M. R. Štefánika,Q319962,Milan Rastislav Štefánik,True,1.0
Suchá hora,Q925563,Ján Chalupka,True,0.0
Suchoňova,Q46100,Eugen Suchoň,True,1.0
Šulekova,Q890654,Bohuslav Šulek,True,1.0
Šumavská,Q157290,Šumava,False,0.9
Šumperská,Q392692,Šumperk,False,0.7
Šuňavcova,Q18346925,Matej Šuňavec,True,0.7
Šúrska,Q12781910,Šúr,False,1.0
Suvorovova,Q154232,Alexandr Vasilievič Suvorov,True,0.7
Švantnerova,Q3503937,František Švantner,True,1.0
Svätého Juraja,Q48438,svätý Juraj,True,0.9
Svätého Urbana,Q951434,Milo Urban,True,1.0
Svätého Urbána,Q951434,Milo Urban,True,1.0
Svätovavrinecká,Q17590,Vavrinec Rímsky,True,1.0
Svätozára Hurbana Vajanského,Q1357554,Svetozár Hurban-Vajanský,True,0.9
Sv. Cyrila a Metoda,Q470621,svätý Metod,True,1.0
Sv. Cyrila a sv. Metoda,Q470621,svätý Metod,True,1.0
Švermova,Q532174,Jan Šverma,True,0.9
Švermov rad,Q532174,Jan Šverma,True,0.9
Svetozára Hurbana Vajanského,Q1357554,Svetozár Hurban-Vajanský,True,0.9
Sv. Gorazda,Q1537896,Svätý Gorazd,True,1.0
Svidnícka,Q833845,Svidník,False,0.7
Sv. Michala,Q45581,Michal archanjel,False,1.0
Svoradova,Q751276,Svorad,True,1.0
Szabó Lőrinc utca,Q561656,Lőrinc Szabó,True,1.0
Š. Závodníka,Q4025726,Štefan Závodník,True,1.0
Tabaková,Q1566,tabak,False,1.0
Tajovského,Q1603028,Jozef Gregor Tajovský,True,0.9
Tatarkova,Q617674,Dominik Tatarka,True,0.9
Tehelná,Q198632,Tehelňa,False,1.0
Terchovská,Q932854,Terchová,False,0.9
Terézie Vansovej,Q3984941,Terézia Vansová,True,0.9
Teslova,Q9036,Nikola Tesla,True,0.9
T. G. Masaryka,Q78492,Tomáš Garrigue Masaryk,True,1.0
Tich. Milkina,Q12777541,Tichomír Milkin,True,0.7
Timravina,Q440577,Božena Slančíková-Timrava,True,0.9
Timravy,Q440577,Božena Slančíková-Timrava,True,0.9
Titánová,Q716,titán,False,1.0
T. J. Moussona,Q18249730,Jozef Teodor Mousson,True,1.0
T. Milkina,Q12777541,Tichomír Milkin,True,1.0
Tolstého,Q7243,Lev Nikolajevič Tolstoj,True,0.7
Tomanóczyho,Q123570079,Q123570079,,0.0
Tomáša Martinčeka,Q12773741,Peter Martinček,True,1.0
Tomášikova,Q1363993,Samo Tomášik,True,1.0
Toplianska,Q1066352,Topľa,False,0.9
Topoľčianska,Q750423,Topoľčany,False,0.7
Topoľová,Q25356,Topoľ,False,1.0
Topoľová,Q925563,Ján Chalupka,True,0.0
Tranovského,Q1080664,Juraj Tranovský,True,0.7
Trebišovská,Q256301,Trebišov,False,1.0
Tretia,Q201,tři,False,0.0
Trieda Andreja Hlinku,Q467797,Andrej Hlinka,True,1.0
Trieda arm. gen. Svobodu,Q310000,Ludvík Svoboda,True,0.9
Trieda arm. gen. Svobodu,Q467797,Andrej Hlinka,True,0.0
Trieda SNP,Q163780,Slovenské národné povstanie,False,1.0
Trnavská cesta,Q26175,Trnava,False,0.9
Trnavské mýto,Q26175,Trnava,False,0.9
Trolejbusová,Q3031072,Trolejbusová doprava v Košiciach,False,1.0
Tulipánová,Q1988365,Andrej Žarnov,True,0.0
Turčianska,Q2034315,Turiec,False,1.0
Turnianska,Q669340,Turňa nad Bodvou,False,0.9
Tvrdošínska,Q509715,Tvrdošín,False,1.0
Tymiánová,Q148668,Dúška tymianová,False,1.0
Uherova,Q12771735,Miloš Uher,True,1.0
Uhorková,Q23425,uhorka siata,False,0.9
Uhrova,Q12771735,Miloš Uher,True,0.0
Ukrajinská,Q212,Ukrajina,False,0.9
Uralská,Q35600,Ural,False,0.7
Urbánkova,Q12004160,Ferko Urbánek,True,0.7
Urbanova,Q951434,Milo Urban,True,1.0
Urpínska,Q4177997,Urpín,False,1.0
Urxova,Q11874240,Eduard Urx,True,1.0
Ústecko-Orlická,Q5513,Bajkalské jazero,False,0.0
Úzka,Q12781901,Šírka,False,0.0
Vajanského,Q1357554,Svetozár Hurban-Vajanský,True,0.9
Valentína Beniaka,Q9368136,Valentín Beniak,True,1.0
Vančurova,Q699619,Vladislav Vančura,True,0.9
Vansovej,Q3984941,Terézia Vansová,True,0.9
Varínska,Q587895,Varín,False,1.0
Vavra Šrobára,Q329265,Vavro Šrobár,True,0.9
Vavrínová,Q26006,vavrín pravý,False,1.0
Vážska,Q202598,Váh,False,0.0
V. Beniaka,Q9368136,Valentín Beniak,True,1.0
V. Clementisa,Q975331,Vladimír Clementis,True,1.0
Veľká Urbankova,Q12004160,Ferko Urbánek,True,0.0
Veľkomoravská,Q347148,Rastislav,True,0.9
Veľkoúľanská,Q142059,Julius Fučík,True,0.0
Veselá,Q12771733,Miloš Vesel,True,1.0
Viedenská,Q1741,Viedeň,False,1.0
Viedenská cesta,Q1741,Viedeň,False,1.0
Viestova,Q702651,Rudolf Viest,True,1.0
Vígľašská,Q15975002,Vígľašský zámok,False,1.0
Viktorínova,Q13420906,Jozef Karol Viktorin,True,1.0
Viliama Chmela,Q16519802,Viliam Chmel,True,1.0
Viliama Paulínyho Tótha,Q7192701,Viliam Pauliny-Tóth,True,1.0
Vincenta Hložníka,Q1332290,Vincent Hložník,True,1.0
Viničná,Q30046,vinič hroznorodý,False,0.7
Vínna,Q17590,Vavrinec Rímsky,True,0.0
Vinohradská,Q22715,vinohrad,False,1.0
Vlada Clementisa,Q975331,Vladimír Clementis,True,0.9
Vladimíra Clementisa,Q975331,Vladimír Clementis,True,0.9
Vladimíra Roya,Q12767691,Ivan Vladimír Roy,True,1.0
Vlastenecké námestie,Q6241,patriotizmus,False,0.7
Vl. Roya,Q12767691,Ivan Vladimír Roy,True,1.0
V. Nezvala,Q471184,Vítězslav Nezval,True,1.0
Vojtaššákova,Q12027495,Ján Vojtaššák,True,1.0
Votrubova,Q12767888,Jaroslav Votruba,True,0.9
V. Paulínyho Tótha,Q7192701,Viliam Pauliny-Tóth,True,1.0
V. Paulínyho-Tótha,Q7192701,Viliam Pauliny-Tóth,True,1.0
V. P. Tótha,Q7192701,Viliam Pauliny-Tóth,True,1.0
Vranovská,Q842005,Vranov nad Topľou,False,1.0
Vŕbová,Q36050,Vŕba,False,0.9
Vrbovská,Q310000,Ludvík Svoboda,True,0.0
V. Šrobára,Q329265,Vavro Šrobár,True,1.0
V. V. Majakovského,Q132964,Vladimir Vladimirovič Majakovskij,True,0.9
V záhradách,Q1107656,záhrada,False,1.0
V. Žingora,Q3564670,Viliam Žingor,True,1.0
Wilsonova,Q34296,Woodrow Wilson,True,1.0
Winterova,Q290180,Ľudovít Winter,True,1.0
Wolkerova,Q158379,Jiří Wolker,True,1.0
Záborského,Q2624895,Jonáš Záborský,True,0.9
Záhradná,Q1107656,záhrada,False,0.9
Za kaštieľom,Q315222,Ľudovít Štúr,True,0.0
Za mlynom,Q44494,mlyn,False,1.0
Zápotockého,Q371854,Antonín Zápotocký,True,0.9
Žarnovická,Q393421,Žarnovica,False,0.9
Žarnovova,Q1988365,Andrej Žarnov,True,1.0
Záturčianska,Q1466836,Záturčie,False,0.7
Zátureckého,Q10709718,Adolf Peter Záturecký,True,0.9
Závodníkova,Q4025726,Štefan Závodník,True,1.0
Ž. Bosniakovej,Q741342,Žofia Bosniaková,True,0.9
Zdenka Mikulu,Q11903171,Zdenko Mikula,True,0.9
Zdravotnícka,Q31207,zdravotníctvo,False,0.7
Zelená,Q3133,zelená,False,1.0
Železničná,Q22667,železnica,False,0.9
Zelinovej,Q3506285,Hana Zelinová,True,0.9
Žellova,Q4179108,Ľudovít Žello,True,1.0
Z. Fábryho,Q1004532,Zoltán Fábry,True,1.0
Žiacka,Q20852801,Žiak,False,0.0
Zigmundíkova,Q12768675,Ján Zigmundík,True,1.0
Žihľavová,Q155909,pŕhľava dvojdomá,False,0.0
Žilinská cesta,Q25797,Žilina,False,0.9
Zinková,Q758,Zinok,False,1.0
Žižkova,Q215968,Ján Žižka,True,0.9
Z. Nejedlého,Q169038,Zdeněk Nejedlý,True,0.9
Zochova,Q1566909,Ivan Branislav Zoch,True,1.0
Zoltána Fábryho,Q1004532,Zoltán Fábry,True,1.0
Zory Jesenskej,Q12779503,Zora Jesenská,True,0.9
Zuzany Chalupovej,Q4597463,Zuzana Chalupová,True,0.9
Zuzky Zgurišky,Q8075496,Zuzka Zguriška,True,0.9
вулиця Іштвана Добо,Q513502,Štefan Dobo,True,1.0
вулиця Михайла Тиводара,Q12161141,Mychajlo Petrovyč Tyvodar,True,0.0
Ульциньська вулиця,Q189969,Ulcinj,False,0.0
